CREATE DATABASE sturpin_repMus;

CREATE TABLE representation(
numRepresentation INTEGER PRIMARY KEY,
titre_representation VARCHAR,
lieu VARCHAR);

CREATE TABLE musicien(
nom VARCHAR PRIMARY KEY,
numRepresentation INTEGER,
CONSTRAINT fk_numRepMus FOREIGN KEY (numRepresentation) REFERENCES representation(numRepresentation)
);

CREATE TABLE programmer(
date DATE,
numRepresentation INTEGER,
tarif FLOAT,
CONSTRAINT pk_prog PRIMARY KEY (date, numRepresentation),
CONSTRAINT fk_numRepProg FOREIGN KEY (numRepresentation) REFERENCES representation(numRepresentation)
);

INSERT INTO representation VALUES(
1, 'Carmen', 'opera Bastille'),
(2, 'Figaro', 'théâtre Marigny'),
(3, 'Le Lac des Cygnes', 'theatre Michel'),
(4, 'Carmen','theâtre Mogador'),
(5, 'Mme Butterfly', 'theatre Moliere'),
(6, 'Carmen', 'Opéra Garnier');

INSERT INTO musicien VALUES(
'Marvel Comics', 1),(
'Super Man', 5),(
'Spider Man', 2),(
'Herr Man', 3),(
'Bat Man', 4
);

INSERT INTO programmer VALUES(
'09-09-2012', 1, 15),(
'12-12-2012', 2, NULL),(
'04-04-2012', 3, 7.5),(
'06-06-2012', 4, 9.7),(
'07-07-2012', 5, 10),(
'08-08-2012', 5, 11.90),(
'01-06-2012', 5, 12.10),(
'10-10-2012', 3, 7.50);

SELECT DISTINCT titre_representation
FROM representation;

SELECT titre_representation
FROM representation
WHERE lieu = 'opera Bastille';

SELECT lieu
FROM representation
WHERE lieu LIKE 'O%' OR lieu LIKE 'o%';

SELECT nom, titre_representation
FROM representation AS R, musicien AS M
WHERE R.numRepresentation=M.numRepresentation;

--Donner la liste des titres des représentations, les lieux et les tarifs pour la journée du 14/09/2012.